{"cameraMode":{"drawMode":0,"name":"Shaded","section":"Shading Mode"},"sceneLighting":false,"audioPlay":false,"sceneViewState":{"m_AlwaysRefresh":false,"showFog":true,"showSkybox":false,"showFlares":true,"showImageEffects":true,"showParticleSystems":true,"showVisualEffectGraphs":true,"m_FxEnabled":true},"in2DMode":false,"pivot":{"x":-0.23600006103515626,"y":5.997000217437744,"z":-24.209999084472658},"rotation":{"x":-0.00010196984658250585,"y":-0.9993760585784912,"z":-0.00298918504267931,"w":0.03628429025411606},"size":11.067804336547852,"orthographic":false}