{"cameraMode":{"drawMode":0,"name":"Shaded","section":"Shading Mode"},"sceneLighting":false,"audioPlay":false,"sceneViewState":{"m_AlwaysRefresh":false,"showFog":true,"showSkybox":false,"showFlares":true,"showImageEffects":true,"showParticleSystems":true,"showVisualEffectGraphs":true,"m_FxEnabled":true},"in2DMode":false,"pivot":{"x":0.1512737274169922,"y":-90.03186798095703,"z":-449.0546569824219},"rotation":{"x":0.000052933628467144445,"y":0.9982446432113648,"z":-0.059375353157520297,"w":0.0008991317008621991},"size":0.9897066950798035,"orthographic":false}